test_set,base,ft_demos,ft_first_person,ft_sdf
demos,0.0,-1.3163194378645044,-0.7213469647611603,-0.42546514006002045
first_person,0.0,-0.44947337295024026,-1.1349080531437283,-0.43601528418415647
sdf,0.0,-0.26741868657663304,-0.31163541736524136,-1.2463986261331317
