test_set,base,ft_demos,ft_first_person,ft_sdf
demos,0.0,0.17957496643066406,-0.8045635223388672,-1.5455389022827148
first_person,0.0,0.11033822617698608,2.2161548121025976,-0.06569068248063914
sdf,0.0,0.09594053081085185,0.7025509229848872,3.2424977050496704
