test_set,base,ft_demos,ft_first_person,ft_sdf
demos,0.0,0.09241294860839844,0.4138956069946289,0.2750692367553711
first_person,0.0,0.02450845546500613,0.11390425631176182,-0.015106810832340223
sdf,0.0,-0.013744993188189447,0.1694646230756085,0.08512177342859761
